url_path,views_total,views_unique
/stack-of-tasks/tsid,179,98
/stack-of-tasks/tsid/tree/master/src,67,13
/stack-of-tasks/tsid/tree/master/exercizes,54,13
/stack-of-tasks/tsid/blob/master/tests/python/test_Contact.py,26,1
/stack-of-tasks/tsid/tree/master/demo,23,8
/stack-of-tasks/tsid/tree/master/src/solvers,20,6
/stack-of-tasks/tsid/issues,18,9
/stack-of-tasks/tsid/tree/master/models,18,5
/stack-of-tasks/tsid/blob/master/exercizes/ex_3_biped_balance_with_gui.py,16,4
/stack-of-tasks/tsid/blob/master/exercizes/ex_4_conf.py,16,2
